cuit;razon_social;region;id_provincia;provincia;localidad;numero_acto;fecha_acto_administrativo;fecha_boletin_oficial
30710242697;Advenio Software SRL;Pampeana;6;Buenos Aires;Mar Del Plata;390;4/11/2014;20/11/2014
30634035458;Waldbott Asoc SA;Pampeana;2;Ciudad Autonoma Buenos Aires;Ciudad Autonoma De Buenos Aires;401;14/11/2014;20/11/2014
30650966739;Planexware SA;Pampeana;2;Ciudad Autonoma Buenos Aires;Ciudad Autonoma De Buenos Aires;402;14/11/2014;20/11/2014
30709101907;Qservices SRL;Pampeana;2;Ciudad Autonoma Buenos Aires;Ciudad Autonoma De Buenos Aires;400;14/11/2014;20/11/2014
30711825580;Machinalis SRL;Pampeana;14;Cordoba;Cordoba;1;3/2/2015;10/2/2015
30707874518;Tecnoap SA;Pampeana;6;Buenos Aires;La Plata;2;5/2/2015;11/2/2015
30709533939;Lambda Sistemas SRL;Pampeana;2;Ciudad Autonoma Buenos Aires;Ciudad Autonoma De Buenos Aires;4;5/2/2015;18/2/2015
30709603929;Syscac;Pampeana;2;Ciudad Autonoma Buenos Aires;Ciudad Autonoma De Buenos Aires;3;5/2/2015;11/2/2015
30708718331;@R-Tech SRL;Pampeana;2;Ciudad Autonoma Buenos Aires;Ciudad Autonoma De Buenos Aires;5;19/2/2015;25/2/2015
30710521634;Blue Patagon SRL;Pampeana;2;Ciudad Autonoma Buenos Aires;Ciudad Autonoma De Buenos Aires;4;19/2/2015;25/2/2015
30709663336;Clariphy Argentina SA;Pampeana;14;Cordoba;Cordoba;6;23/2/2015;26/2/2015
30707727590;Plus Sistemas SA;Pampeana;2;Ciudad Autonoma Buenos Aires;Ciudad Autonoma De Buenos Aires;7;24/2/2015;2/3/2015
30707855394;G Y F Soluciones Informaticas SA;Pampeana;2;Ciudad Autonoma Buenos Aires;Ciudad Autonoma De Buenos Aires;8;25/2/2015;2/3/2015
30698507892;Vates SA;Pampeana;14;Cordoba;Cordoba;9;27/2/2015;5/3/2015
30611161022;Reservsrl;Pampeana;2;Ciudad Autonoma Buenos Aires;Ciudad Autonoma De Buenos Aires;10;3/3/2015;6/3/2015
30707061010;Certant SA;Pampeana;2;Ciudad Autonoma Buenos Aires;Ciudad Autonoma De Buenos Aires;12;6/3/2015;12/3/2015
30710674678;Bdt Group SRL;Pampeana;2;Ciudad Autonoma Buenos Aires;Ciudad Autonoma De Buenos Aires;11;6/3/2015;11/3/2015
30681519994;Consultoria En Tecnologia de Informacion Sociedad Anonima;Pampeana;2;Ciudad Autonoma Buenos Aires;Ciudad Autonoma De Buenos Aires;13;11/3/2015;17/3/2015
30709175056;Intertron Mobile SA;Pampeana;14;Cordoba;Cordoba;15;13/3/2015;19/3/2015
30708122471;It Patagonia SA;Pampeana;2;Ciudad Autonoma Buenos Aires;Ciudad Autonoma De Buenos Aires;14;16/3/2015;19/3/2015
30708406917;Sistemas Globales SA;Pampeana;2;Ciudad Autonoma De Buenos Aires;Ciudad Autonoma De Buenos Aires;17;18/3/2015;26/3/2015
30708516992;Maxisistemas SRL;Pampeana;2;Ciudad Autonoma Buenos Aires;Ciudad Autonoma De Buenos Aires;16;18/3/2015;26/3/2015
33709870799;Bizit Global SA;Pampeana;14;Cordoba;Cordoba;18;18/3/2015;26/3/2015
30708709324;Clarius Consulting SA;Pampeana;2;Ciudad Autonoma Buenos Aires;Ciudad Autonoma De Buenos Aires;22;20/3/2015;30/3/2015
30711089213;Taller Technologies Sociedad Anomina;Pampeana;14;Cordoba;Cordoba;21;20/3/2015;30/3/2015
30688577671;Hasar Sistemas SRL;Pampeana;6;Buenos Aires;El Talar;24;6/4/2015;10/4/2015
30709252239;Inteligencia Y Tecnologia SA;Pampeana;2;Ciudad Autonoma Buenos Aires;Ciudad Autonoma De Buenos Aires;23;6/4/2015;10/4/2015
30708705132;Huddle Group SA;Pampeana;2;Ciudad Autonoma De Buenos Aires;Ciudad Autonoma De Buenos Aires;25;13/4/2015;17/4/2015
30708775890;Iafh Global SA;Pampeana;6;Buenos Aires;Tandil;26;13/4/2015;17/4/2015
30707314903;Cubika SA;Pampeana;2;Ciudad Autonoma De Buenos Aires;Ciudad Autonoma De Buenos Aires;28;15/4/2015;21/4/2015
30707591788;Huenei Consultora Informatica SRL;Pampeana;2;Ciudad Autonoma Buenos Aires;Ciudad Autonoma De Buenos Aires;29;16/4/2015;21/4/2015
30709110361;Grupo Esfera SA;Pampeana;2;Ciudad Autonoma Buenos Aires;Ciudad Autonoma De Buenos Aires;31;16/4/2015;22/4/2015
30709434485;Sorzana SA;Pampeana;14;Cordoba;Villa Maria;32;20/4/2015;23/4/2015
30710733844;Lammovil SA;Pampeana;14;Cordoba;Cordoba;33;27/4/2015;4/5/2015
30658210595;Soluciones Integrales SA;Pampeana;2;Ciudad Autonoma Buenos Aires;Ciudad Autonoma De Buenos Aires;34;4/5/2015;27/4/2015
30661857818;Document Technologies SRL;Pampeana;2;Ciudad Autonoma Buenos Aires;Ciudad Autonoma De Buenos Aires;39;5/5/2015;12/5/2015
30698431454;Finnegans SA;Pampeana;2;Ciudad Autonoma Buenos Aires;Ciudad Autonoma De Buenos Aires;37;5/5/2015;11/5/2015
30707296751;F C P Consultoresasociados SRL;Pampeana;2;Ciudad Autonoma Buenos Aires;Ciudad Autonoma De Buenos Aires;36;5/5/2015;11/5/2015
30710384068;Investigaciones Desarrollos Y Soluciones SRL;Pampeana;2;Ciudad Autonoma Buenos Aires;Ciudad Autonoma De Buenos Aires;35;5/5/2015;11/5/2015
33709320039;Base Global SA;Pampeana;2;Ciudad Autonoma Buenos Aires;Ciudad Autonoma De Buenos Aires;38;5/5/2015;11/5/2015
30650531066;Posbeyikian Buchter Y Asociados SA;Pampeana;6;Buenos Aires;Vicente Lopez;41;8/5/2015;15/5/2015
30708679174;Lpc Condor Technologies SRL;Pampeana;6;Buenos Aires;San Isidro;40;8/5/2015;15/5/2015
30636484187;Consultores En Organizacion Asociados SA;Pampeana;82;Santa Fe;Rosario;44;12/5/2015;18/5/2015
30710219555;S.D.C. SRL;Pampeana;6;Buenos Aires;Tandil;45;12/5/2015;18/5/2015
30710554184;Dsa SRL;Pampeana;14;Cordoba;Estacion Bell Ville;46;12/5/2015;18/5/2015
30651059204;Ryaco SA;Pampeana;2;Ciudad Autonoma Buenos Aires;Ciudad Autonoma De Buenos Aires;47;22/5/2015;28/5/2015
30623373084;C Y S Informatica SA;Pampeana;2;Ciudad Autonoma Buenos Aires;Ciudad Autonoma De Buenos Aires;50;1/6/2015;5/6/2015
30661936491;Software America SA;Pampeana;2;Ciudad Autonoma Buenos Aires;Ciudad Autonoma De Buenos Aires;53;1/6/2015;9/6/2015
30674951023;Neuralsoft SRL;Pampeana;82;Santa Fe;Rosario;52;1/6/2015;8/6/2015
30691595729;Cda Tecnologia Informatica SA;Pampeana;2;Ciudad Autonoma Buenos Aires;Ciudad Autonoma De Buenos Aires;51;1/6/2015;8/6/2015
30706033471;Sub1;Pampeana;2;Ciudad Autonoma De Buenos Aires;Ciudad Autonoma De Buenos Aires;54;1/6/2015;9/6/2015
30710615876;Bdev SA;Pampeana;6;Buenos Aires;Vicente Lopez;49;1/6/2015;5/6/2015
30601820923;Ingematica SA;Pampeana;2;Ciudad Autonoma Buenos Aires;Ciudad Autonoma De Buenos Aires;56;10/6/2015;16/6/2015
30650208834;Open Solutionsargentina SA;Pampeana;2;Ciudad Autonoma Buenos Aires;Ciudad Autonoma De Buenos Aires;60;23/6/2015;29/6/2015
30700873141;Interfaces SA;Pampeana;2;Ciudad Autonoma Buenos Aires;Ciudad Autonoma De Buenos Aires;59;23/6/2015;29/6/2015
30707053956;Request SA;Pampeana;2;Ciudad Autonoma Buenos Aires;Ciudad Autonoma De Buenos Aires;58;23/6/2015;29/6/2015
30707317538;Dl Consultores SA;Pampeana;2;Ciudad Autonoma Buenos Aires;Ciudad Autonoma De Buenos Aires;62;23/6/2015;29/6/2015
30707503617;Opticom Sociedad Anonima;Pampeana;2;Ciudad Autonoma Buenos Aires;Ciudad Autonoma De Buenos Aires;61;23/6/2015;29/6/2015
30613203385;Bit SA;Pampeana;14;Cordoba;Villa Maria;63;26/6/2015;30/6/2015
30707046836;Hexacta SA;Pampeana;2;Ciudad Autonoma Buenos Aires;Ciudad Autonoma De Buenos Aires;65;26/6/2015;2/7/2015
30707407367;Excelencia En Soluciones Informaticas SA;Pampeana;2;Ciudad Autonoma Buenos Aires;Ciudad Autonoma De Buenos Aires;64;26/6/2015;2/7/2015
30708547472;Gi SA;Pampeana;6;Buenos Aires;Mar Del Plata;66;2/7/2015;8/7/2015
30646279174;Atsadvanced Technology Solutions SA;Pampeana;2;Ciudad Autonoma De Buenos Aires;Ciudad Autonoma De Buenos Aires;70;21/7/2015;27/7/2015
30682969950;Sam Sistemas SRL;Pampeana;2;Ciudad Autonoma Buenos Aires;Ciudad Autonoma De Buenos Aires;72;21/7/2015;27/7/2015
30709744751;Fun Factory SRL;Pampeana;2;Ciudad Autonoma De Buenos Aires;Ciudad Autonoma De Buenos Aires;73;21/7/2015;27/7/2015
30711198594;10Pines SRL;Pampeana;2;Ciudad Autonoma Buenos Aires;Ciudad Autonoma De Buenos Aires;71;21/7/2015;27/7/2015
30691703629;Synthesis Information Technology SRL;Pampeana;6;Buenos Aires;Florida Oeste;79;24/7/2015;30/7/2015
30708120207;Exemys SRL;Pampeana;2;Ciudad Autonoma Buenos Aires;Ciudad Autonoma De Buenos Aires;76;24/7/2015;30/7/2015
30708802219;Southworks SRL;Pampeana;2;Ciudad Autonoma Buenos Aires;Ciudad Autonoma De Buenos Aires;77;24/7/2015;30/7/2015
30709029513;Sdbl SRL;Pampeana;2;Ciudad Autonoma Buenos Aires;Ciudad Autonoma De Buenos Aires;74;24/7/2015;30/7/2015
30709218405;Hipercubo SA;Pampeana;2;Ciudad Autonoma Buenos Aires;Ciudad Autonoma De Buenos Aires;75;24/7/2015;30/7/2015
33646674099;Sistemas Esco SRL;Pampeana;2;Ciudad Autonoma Buenos Aires;Ciudad Autonoma De Buenos Aires;80;24/7/2015;30/7/2015
33710676459;Kinetica Solutions SRL;Pampeana;2;Ciudad Autonoma De Buenos Aires;Ciudad Autonoma De Buenos Aires;78;24/7/2015;30/7/2015
30642056529;Geosystems SA;Pampeana;2;Ciudad Autonoma Buenos Aires;Ciudad Autonoma De Buenos Aires;85;28/7/2015;31/7/2015
30707937722;Infoil SA;Pampeana;2;Ciudad Autonoma Buenos Aires;Ciudad Autonoma De Buenos Aires;81;28/7/2015;31/7/2015
30708825472;Ingenieria Y Consultoria G&B SA;Pampeana;6;Buenos Aires;Mar Del Plata;83;28/7/2015;31/7/2015
30712254846;Softseg SA;Pampeana;2;Ciudad Autonoma De Buenos Aires;Ciudad Autonoma De Buenos Aires;84;28/7/2015;31/7/2015
33676289009;Odea SRL;Pampeana;2;Ciudad Autonoma Buenos Aires;Ciudad Autonoma De Buenos Aires;82;28/7/2015;31/7/2015
33620035799;Intech Computacion SRL;Pampeana;2;Ciudad Autonoma Buenos Aires;Ciudad Autonoma De Buenos Aires;86;29/7/2015;4/8/2015
30636414243;Cies Sistemas SA;Pampeana;2;Ciudad Autonoma Buenos Aires;Ciudad Autonoma De Buenos Aires;91;7/8/2015;13/8/2015
30697720185;K N Hsrl;Pampeana;2;Ciudad Autonoma Buenos Aires;Ciudad Autonoma De Buenos Aires;89;7/8/2015;13/8/2015
30698911200;Coin Tech Sociedad Anonima;Pampeana;14;Cordoba;Cordoba;90;7/8/2015;13/8/2015
30708295309;Vmn Software Critico SRL;Pampeana;2;Ciudad Autonoma Buenos Aires;Ciudad Autonoma De Buenos Aires;87;7/8/2015;13/8/2015
30709035262;A B C Consulting SA;Pampeana;2;Ciudad Autonoma Buenos Aires;Ciudad Autonoma De Buenos Aires;88;7/8/2015;13/8/2015
30655434387;Microbas SRL;Pampeana;2;Ciudad Autonoma Buenos Aires;Ciudad Autonoma De Buenos Aires;96;12/8/2015;19/8/2015
30693682084;Neorisargentina SA;Pampeana;2;Santa Fe;Rosario;95;12/8/2015;19/8/2015
30707078754;Conexia SA;Pampeana;2;Ciudad Autonoma Buenos Aires;Ciudad Autonoma De Buenos Aires;94;12/8/2015;19/8/2015
30707609032;Ginkgo Soft SRL;Pampeana;14;Cordoba;Cordoba;98;12/8/2015;19/8/2015
30707791973;Zoo Logic SA;Pampeana;2;Ciudad Autonoma Buenos Aires;Ciudad Autonoma De Buenos Aires;97;12/8/2015;19/8/2015
30707715363;Mobile I Business SA;Pampeana;2;Ciudad Autonoma Buenos Aires;Ciudad Autonoma De Buenos Aires;100;13/8/2015;20/8/2015
30708310898;Dcc.Soft SRL;Pampeana;2;Ciudad Autonoma Buenos Aires;Ciudad Autonoma De Buenos Aires;101;13/8/2015;20/8/2015
30710747314;Virtual Mind SRL;Pampeana;2;Ciudad Autonoma Buenos Aires;Ciudad Autonoma De Buenos Aires;102;13/8/2015;20/8/2015
30712485546;Bright Sector SRL;Pampeana;2;Ciudad Autonoma Buenos Aires;Ciudad Autonoma De Buenos Aires;99;13/8/2015;20/8/2015
30611834523;Elinpar Sociedad Anonima;Pampeana;2;Ciudad Autonoma Buenos Aires;Ciudad Autonoma De Buenos Aires;105;26/8/2015;1/9/2015
30708188472;Gestion. It SRL;Pampeana;2;Ciudad Autonoma Buenos Aires;Ciudad Autonoma De Buenos Aires;103;26/8/2015;1/9/2015
30708415908;Netactica SA;Pampeana;2;Ciudad Autonoma De Buenos Aires;Ciudad Autonoma De Buenos Aires;104;26/8/2015;1/9/2015
30658138630;Tekhne Sociedad Anonima;Pampeana;2;Ciudad Autonoma De Buenos Aires;Ciudad Autonoma De Buenos Aires;110;4/9/2015;10/9/2015
30700502046;Topgroup SA;Pampeana;2;Ciudad Autonoma Buenos Aires;Ciudad Autonoma De Buenos Aires;112;4/9/2015;10/9/2015
30708217812;Daeva SA;Pampeana;2;Ciudad Autonoma Buenos Aires;Ciudad Autonoma De Buenos Aires;109;4/9/2015;10/9/2015
30708255374;Consultores En Desarrollos Tecnologicos Sociedad Anonima;Pampeana;2;Ciudad Autonoma Buenos Aires;Ciudad Autonoma De Buenos Aires;108;4/9/2015;10/9/2015
30708952083;Vemn SA;Pampeana;2;Ciudad Autonoma Buenos Aires;Ciudad Autonoma De Buenos Aires;111;4/9/2015;10/9/2015
30709693898;Gauss Sistemas SRL;Pampeana;2;Ciudad Autonoma Buenos Aires;Ciudad Autonoma De Buenos Aires;106;4/9/2015;10/9/2015
30712548777;Infologic SA;Pampeana;2;Ciudad Autonoma Buenos Aires;Ciudad Autonoma De Buenos Aires;107;4/9/2015;10/9/2015
30609563636;Sistemas Bejerman SA;Pampeana;2;Ciudad Autonoma De Buenos Aires;Ciudad Autonoma De Buenos Aires;115;8/9/2015;14/9/2015
30656992235;Sofrecom Argentina Sociedad Anonima;Pampeana;2;Ciudad Autonoma De Buenos Aires;Ciudad Autonoma De Buenos Aires;116;8/9/2015;14/9/2015
30707142096;G & L Group SA;Pampeana;2;Ciudad Autonoma Buenos Aires;Ciudad Autonoma De Buenos Aires;113;8/9/2015;15/9/2015
30707409734;A.C.P. Ingenieria En Sistemas SRL;Cuyo;50;Mendoza;Mendoza;117;8/9/2015;15/9/2015
30710049277;Rojosoft SRL;Pampeana;14;Cordoba;Villa Maria;114;8/9/2015;14/9/2015
30638247913;C Y T Comunicaciones Y Telematica SRL;Pampeana;2;Ciudad Autonoma Buenos Aires;Ciudad Autonoma De Buenos Aires;118;11/9/2015;18/9/2015
30647828473;Gpl Sistemas SA;Pampeana;82;Santa Fe;Rosario;1026;11/9/2015;17/9/2015
30703088534;Mercadolibre SRL;Pampeana;2;Ciudad Autonoma De Buenos Aires;Ciudad Autonoma De Buenos Aires;1041;11/9/2015;17/9/2015
30662052309;F P A Softwaresrl;Pampeana;2;Ciudad Autonoma Buenos Aires;Ciudad Autonoma De Buenos Aires;131;22/9/2015;1/10/2015
30685428071;Macena SA;Pampeana;14;Cordoba;Cordoba;127;22/9/2015;28/9/2015
30690796216;Infomedical SA;Pampeana;2;Ciudad Autonoma Buenos Aires;Ciudad Autonoma De Buenos Aires;121;22/9/2015;28/9/2015
30698491295;Muller & Asociados SRL;Pampeana;14;Cordoba;Cordoba;132;22/9/2015;1/10/2015
30704464076;Tsoft SA;Pampeana;2;Ciudad Autonoma Buenos Aires;Ciudad Autonoma De Buenos Aires;125;22/9/2015;28/9/2015
30707031014;Inworx Argentina SA;Pampeana;2;Ciudad Autonoma Buenos Aires;Ciudad Autonoma De Buenos Aires;126;22/9/2015;28/9/2015
30707061975;Information Technology Consulting SA;Pampeana;2;Ciudad Autonoma Buenos Aires;Ciudad Autonoma De Buenos Aires;128;22/9/2015;28/9/2015
30707711686;3Way Solutions SA;Pampeana;2;Ciudad Autonoma Buenos Aires;Ciudad Autonoma De Buenos Aires;124;22/9/2015;28/9/2015
30707848339;Quality Soft Argentina SA;Pampeana;2;Ciudad Autonoma De Buenos Aires;Ciudad Autonoma De Buenos Aires;130;22/9/2015;1/10/2015
30708885750;Ipsol Sociedad Anonima;Pampeana;2;Ciudad Autonoma Buenos Aires;Ciudad Autonoma De Buenos Aires;123;22/9/2015;28/9/2015
30709987808;Quantia SA;Pampeana;2;Ciudad Autonoma Buenos Aires;Ciudad Autonoma De Buenos Aires;129;22/9/2015;1/10/2015
33656777139;A&J Sistemas Sociedad de Responsabilidad Limitada;Pampeana;82;Santa Fe;Rosario;122;22/9/2015;28/9/2015
33708653239;Eit SA;Pampeana;2;Ciudad Autonoma Buenos Aires;Ciudad Autonoma De Buenos Aires;133;22/9/2015;8/10/2015
30708973358;Next It Sociedad Anonima;Pampeana;6;Buenos Aires;Mar Del Plata;1088;23/9/2015;29/9/2015
30703124123;Advertmind SA;Pampeana;2;Ciudad Autonoma Buenos Aires;Ciudad Autonoma De Buenos Aires;134;25/9/2015;8/10/2015
30707752285;Accusys Technology SRL;Pampeana;2;Ciudad Autonoma Buenos Aires;Ciudad Autonoma De Buenos Aires;1125;30/9/2015;6/10/2015
30631658810;Axoft Argentina Sociedad Anonima;Pampeana;2;Ciudad Autonoma Buenos Aires;Ciudad Autonoma De Buenos Aires;137;8/10/2015;15/10/2015
30648789714;Unitech SA;Pampeana;2;Ciudad Autonoma Buenos Aires;Ciudad Autonoma De Buenos Aires;135;8/10/2015;15/10/2015
30703457424;T I SA;Pampeana;6;Buenos Aires;San Justo;138;8/10/2015;16/10/2015
30710606060;Mbsoft SA;Pampeana;2;Ciudad Autonoma Buenos Aires;Ciudad Autonoma De Buenos Aires;136;8/10/2015;15/10/2015
30688258746;Wondersoftsrl;Pampeana;2;Ciudad Autonoma Buenos Aires;Ciudad Autonoma De Buenos Aires;140;15/10/2015;21/10/2015
30709276332;Tango Technologies SA;Pampeana;2;Ciudad Autonoma Buenos Aires;Ciudad Autonoma De Buenos Aires;142;15/10/2015;21/10/2015
30709855499;Sur Emprendimientos Tecnologicos SRL;Pampeana;2;Ciudad Autonoma Buenos Aires;Ciudad Autonoma De Buenos Aires;141;15/10/2015;21/10/2015
30560325033;Colinet Trotta SA;Pampeana;82;Santa Fe;Rosario;147;28/10/2015;2/11/2015
30663335932;Servicios Tecnologicos Integrales SA;Pampeana;2;Ciudad Autonoma Buenos Aires;Ciudad Autonoma De Buenos Aires;148;28/10/2015;2/11/2015
30700595842;A T X SA;Pampeana;2;Ciudad Autonoma Buenos Aires;Ciudad Autonoma De Buenos Aires;152;28/10/2015;2/11/2015
30708245581;E-Ducativa Educacion Virtual SA;Pampeana;82;Santa Fe;Rosario;149;28/10/2015;2/11/2015
30708597739;Projects Consulting SRL;Pampeana;82;Santa Fe;Rosario;146;28/10/2015;2/11/2015
30708732423;Intraway Corporation Sociedad de Responsabilidad Limitada;Pampeana;2;Ciudad Autonoma Buenos Aires;Ciudad Autonoma De Buenos Aires;145;28/10/2015;2/11/2015
30708846194;Ergo Renova SA;Pampeana;2;Ciudad Autonoma Buenos Aires;Ciudad Autonoma De Buenos Aires;150;28/10/2015;2/11/2015
33707067719;Trilogic SRL;Patagonia;62;Rio Negro;San Carlos De Bariloche;151;28/10/2015;2/11/2015
30708106883;Sistemasactivos SRL;Pampeana;2;Ciudad Autonoma Buenos Aires;Ciudad Autonoma De Buenos Aires;154;4/11/2015;10/11/2015
30712207627;Zetech SA;Pampeana;2;Ciudad Autonoma Buenos Aires;Ciudad Autonoma De Buenos Aires;153;4/11/2015;10/11/2015
30655104670;New Technologies SRL;Pampeana;2;Ciudad Autonoma Buenos Aires;Ciudad Autonoma De Buenos Aires;162;17/11/2015;23/11/2015
30670318474;Innovision Sociedad Anonima;Patagonia;26;Chubut;Comodoro Rivadavia;156;17/11/2015;23/11/2015
30684912220;Zetti Ingenieria En Sistemas SRL;Pampeana;2;Ciudad Autonoma Buenos Aires;Ciudad Autonoma De Buenos Aires;160;17/11/2015;23/11/2015
30701303535;Apernet SA;Pampeana;2;Ciudad Autonoma Buenos Aires;Ciudad Autonoma De Buenos Aires;158;17/11/2015;23/11/2015
30708928387;Bsf SA;Cuyo;50;Mendoza;Chacras De Coria;155;17/11/2015;23/11/2015
30709521515;Aero Transport Engineering Consulting SA;Pampeana;14;Cordoba;Cordoba;161;17/11/2015;23/11/2015
30711595941;Biside C.S. SA;Pampeana;6;Buenos Aires;Mar Del Plata;157;17/11/2015;23/11/2015
33708250959;Xv Tech SA;Pampeana;2;Ciudad Autonoma Buenos Aires;Ciudad Autonoma De Buenos Aires;159;17/11/2015;23/11/2015
33685885579;Smart Business Solutions SA;Pampeana;2;Ciudad Autonoma Buenos Aires;Ciudad Autonoma De Buenos Aires;1218;19/11/2015;25/11/2015
30677801456;Ec Sistemassrl;Pampeana;2;Ciudad Autonoma Buenos Aires;Ciudad Autonoma De Buenos Aires;165;23/11/2015;30/11/2015
30712526579;Cdss SA;Pampeana;2;Ciudad Autonoma Buenos Aires;Ciudad Autonoma De Buenos Aires;164;23/11/2015;30/11/2015
30701260607;Soft Office SA;Pampeana;2;Ciudad Autonoma Buenos Aires;Ciudad Autonoma De Buenos Aires;167;25/11/2015;1/12/2015
30708604883;Thinksoft Argentina SA;Pampeana;14;Cordoba;Cordoba;166;25/11/2015;1/12/2015
30680075995;Most SA;Pampeana;2;Ciudad Autonoma Buenos Aires;Ciudad Autonoma De Buenos Aires;176;1/12/2015;9/12/2015
30696889283;Codes SA;Pampeana;2;Ciudad Autonoma Buenos Aires;Ciudad Autonoma De Buenos Aires;177;1/12/2015;9/12/2015
30697566127;Bf Argentina SA;Pampeana;2;Ciudad Autonoma Buenos Aires;Ciudad Autonoma De Buenos Aires;169;1/12/2015;9/12/2015
30698793372;Mobile Computing SA;Pampeana;2;Ciudad Autonoma Buenos Aires;Ciudad Autonoma De Buenos Aires;173;1/12/2015;9/12/2015
30707768785;E-Buyplace SA;Pampeana;2;Ciudad Autonoma Buenos Aires;Ciudad Autonoma De Buenos Aires;171;1/12/2015;9/12/2015
30707912886;Integ SA;Pampeana;2;Ciudad Autonoma Buenos Aires;Ciudad Autonoma De Buenos Aires;172;1/12/2015;9/12/2015
30709641154;Identicum SA;Pampeana;2;Ciudad Autonoma Buenos Aires;Ciudad Autonoma De Buenos Aires;174;1/12/2015;9/12/2015
30712318585;Engee It SRL;Pampeana;2;Ciudad Autonoma Buenos Aires;Ciudad Autonoma De Buenos Aires;175;1/12/2015;9/12/2015
33663259569;Physis Informatica SRL;Pampeana;2;Ciudad Autonoma Buenos Aires;Ciudad Autonoma De Buenos Aires;170;1/12/2015;9/12/2015
30692330508;Flow Technology SA;Pampeana;2;Ciudad Autonoma Buenos Aires;Ciudad Autonoma De Buenos Aires;1;28/1/2016;29/1/2016
30710359691;Pagustech SRL;Pampeana;2;Ciudad Autonoma Buenos Aires;Ciudad Autonoma De Buenos Aires;3;28/1/2016;29/1/2016
30714322113;Sistek Soluciones Informaticas SRL;Pampeana;2;Ciudad Autonoma Buenos Aires;Ciudad Autonoma De Buenos Aires;2;28/1/2016;29/1/2016
30684641502;Chess Desarrollos Informaticos SRL;Pampeana;82;Santa Fe;Rosario;5;18/2/2016;24/2/2016
30651515897;Btb Soft SA;Pampeana;2;Ciudad Autonoma Buenos Aires;Ciudad Autonoma De Buenos Aires;7;29/2/2016;4/3/2016
30711020906;Tu Portal SRL;Pampeana;82;Santa Fe;Rosario;9;16/3/2016;22/3/2016
30710742584;Ascentio Technologies SA;Pampeana;14;Cordoba;Cordoba;12;17/3/2016;23/3/2016
30710829736;Snappler Sociedad de Responsabilidad Limitada;Pampeana;6;Buenos Aires;La Plata;13;17/3/2016;31/3/2016
30712103716;Lyracons SA;Pampeana;2;Ciudad Autonoma Buenos Aires;Ciudad Autonoma De Buenos Aires;10;17/3/2016;23/3/2016
33711201659;Creative Coefficient SRL;Pampeana;2;Ciudad Autonoma Buenos Aires;Ciudad Autonoma De Buenos Aires;11;17/3/2016;23/3/2016
30707819193;Advanced Resources SA;Pampeana;2;Ciudad Autonoma Buenos Aires;Ciudad Autonoma De Buenos Aires;19;7/4/2016;12/4/2016
30710744188;Desnac Sociedad Anonima;Pampeana;14;Cordoba;Cordoba;17;7/4/2016;12/4/2016
30711048657;Clarotest Consulting Lab SRL;Pampeana;2;Ciudad Autonoma Buenos Aires;Ciudad Autonoma De Buenos Aires;18;7/4/2016;12/4/2016
30711455139;Bp4 SA;Pampeana;2;Ciudad Autonoma Buenos Aires;Ciudad Autonoma De Buenos Aires;16;7/4/2016;12/4/2016
30712005285;Enta Tga SRL;Pampeana;2;Ciudad Autonoma Buenos Aires;Ciudad Autonoma De Buenos Aires;14;7/4/2016;20/4/2016
33692134309;Softing SRL;Pampeana;2;Ciudad Autonoma Buenos Aires;Ciudad Autonoma De Buenos Aires;15;7/4/2016;12/4/2016
30709455938;Sms Sistemas SRL;Pampeana;2;Ciudad Autonoma Buenos Aires;Ciudad Autonoma De Buenos Aires;20;11/4/2016;15/4/2016
30707964606;Consensusargentina SA;Pampeana;2;Ciudad Autonoma Buenos Aires;Ciudad Autonoma De Buenos Aires;21;27/4/2016;29/4/2016
33610006189;Accenture SRL;Pampeana;2;Ciudad Autonoma De Buenos Aires;Ciudad Autonoma De Buenos Aires;22;11/5/2016;16/5/2016
33693294059;Prosys SA;Pampeana;2;Ciudad Autonoma Buenos Aires;Ciudad Autonoma De Buenos Aires;23;16/5/2016;20/5/2016
30686247925;Access Informatica SRL;Pampeana;2;Ciudad Autonoma Buenos Aires;Ciudad Autonoma De Buenos Aires;26;23/5/2016;27/5/2016
30689026652;Intersoft SA;Pampeana;2;Ciudad Autonoma Buenos Aires;Ciudad Autonoma De Buenos Aires;25;23/5/2016;27/5/2016
30693291778;Hardata SA;Pampeana;6;Ciudad Autonoma Buenos Aires;Ciudad Autonoma De Buenos Aires;27;27/5/2016;1/6/2016
30709759457;Corebi SA;Pampeana;14;Cordoba;Cordoba;28;27/5/2016;1/6/2016
30637728780;Holistor SA;Pampeana;82;Santa Fe;Rosario;30;31/5/2016;3/6/2016
30707277285;Business Development Facilities SA;Pampeana;2;Ciudad Autonoma Buenos Aires;Ciudad Autonoma De Buenos Aires;29;31/5/2016;3/6/2016
30707977740;Apg Consulting SRL;Pampeana;2;Ciudad Autonoma Buenos Aires;Ciudad Autonoma De Buenos Aires;32;2/6/2016;7/6/2016
33708845839;Activica SA;Pampeana;2;Ciudad Autonoma Buenos Aires;Ciudad Autonoma De Buenos Aires;31;2/6/2016;7/6/2016
30709636878;Intive Fdv SA;Pampeana;2;Ciudad Autonoma Buenos Aires;Ciudad Autonoma De Buenos Aires;34;6/6/2016;10/6/2016
30710843992;Ataway SA;Pampeana;2;Ciudad Autonoma Buenos Aires;Ciudad Autonoma De Buenos Aires;33;6/6/2016;10/6/2016
30707204652;Sidesys SRL;Pampeana;2;Ciudad Autonoma Buenos Aires;Ciudad Autonoma De Buenos Aires;35;9/6/2016;15/6/2016
30607986289;Buenosaires Software SA;Pampeana;2;Ciudad Autonoma Buenos Aires;Ciudad Autonoma De Buenos Aires;41;15/6/2016;22/6/2016
30695043895;Q4Tech Argentina SA;Pampeana;2;Ciudad Autonoma Buenos Aires;Ciudad Autonoma De Buenos Aires;39;15/6/2016;22/6/2016
30709283339;G.C. Sistemas Informaticos SA;Pampeana;2;Ciudad Autonoma Buenos Aires;Ciudad Autonoma De Buenos Aires;38;15/6/2016;22/6/2016
30709404039;Aconcagua Software Factory SA;Cuyo;50;Mendoza;Mendoza;40;15/6/2016;22/6/2016
30711193762;Edrans SA;Pampeana;2;Ciudad Autonoma Buenos Aires;Ciudad Autonoma De Buenos Aires;36;15/6/2016;22/6/2016
33708989369;Diltacrossargentina SA;Pampeana;6;Buenos Aires;Caseros;37;15/6/2016;22/6/2016
30699385731;Learsoft SRL;Pampeana;2;Ciudad Autonoma Buenos Aires;Ciudad Autonoma De Buenos Aires;42;16/6/2016;23/6/2016
30648242197;Valdimor SA;Pampeana;2;Ciudad Autonoma Buenos Aires;Ciudad Autonoma De Buenos Aires;43;22/6/2016;27/6/2016
30687812537;W 3 Comunicacion SRL;Pampeana;2;Ciudad Autonoma Buenos Aires;Ciudad Autonoma De Buenos Aires;48;7/7/2016;14/7/2016
30707792082;Sisem Soluciones de Informacion SA;Pampeana;2;Ciudad Autonoma Buenos Aires;Ciudad Autonoma De Buenos Aires;50;7/7/2016;14/7/2016
30709407070;Absti Sociedad Anonima;Pampeana;2;Ciudad Autonoma Buenos Aires;Ciudad Autonoma De Buenos Aires;45;7/7/2016;14/7/2016
30709739170;E Solutions SA;Pampeana;14;Cordoba;Cordoba;49;7/7/2016;14/7/2016
30712255532;Profit Sistemas SRL;Pampeana;82;Santa Fe;Rosario;46;7/7/2016;14/7/2016
30712359435;Thalamus SA;Pampeana;2;Ciudad Autonoma Buenos Aires;Ciudad Autonoma De Buenos Aires;47;7/7/2016;14/7/2016
30713398205;Smart It SRL;Pampeana;14;Cordoba;Cordoba;51;7/7/2016;14/7/2016
30603886123;Atos It Solutions and Services SA;Pampeana;2;Ciudad Autonoma De Buenos Aires;Ciudad Autonoma De Buenos Aires;57;13/7/2016;18/7/2016
30661879234;Artware SRL;Pampeana;2;Ciudad Autonoma Buenos Aires;Ciudad Autonoma De Buenos Aires;56;13/7/2016;18/7/2016
30702185366;Daassnet SRL;Pampeana;2;Ciudad Autonoma Buenos Aires;Ciudad Autonoma De Buenos Aires;53;13/7/2016;18/7/2016
30707290281;Badi Sociedad de Responsabilidad Limitada;Pampeana;14;Cordoba;Cordoba;55;13/7/2016;18/7/2016
30708334584;Esg Dilec SA;Pampeana;82;Santa Fe;Rosario;54;13/7/2016;18/7/2016
30713587903;Wolox SA;Pampeana;2;Ciudad Autonoma Buenos Aires;Ciudad Autonoma De Buenos Aires;52;13/7/2016;18/7/2016
30709449601;Intel Software de Argentina SA;Pampeana;6;Buenos Aires;Vicente Lopez;58;15/7/2016;21/7/2016
30709468363;Pragma Tecnologia Y Desarrollo SRL;Pampeana;2;Ciudad Autonoma Buenos Aires;Ciudad Autonoma De Buenos Aires;61;2/8/2016;9/8/2016
33712220169;Resolvit International SA;Pampeana;2;Ciudad Autonoma De Buenos Aires;Ciudad Autonoma De Buenos Aires;60;2/8/2016;9/8/2016
30651205901;D C Sistemas Y Servicios Sociedad Anonima;Pampeana;2;Ciudad Autonoma Buenos Aires;Ciudad Autonoma De Buenos Aires;63;11/8/2016;16/8/2016
30680956606;Harriague Y Asociados SRL;Pampeana;14;Cordoba;Cordoba;64;11/8/2016;16/8/2016
30685472917;Tesis SA;Pampeana;82;Santa Fe;Rosario;65;11/8/2016;16/8/2016
30707659773;Admotion SRL;Pampeana;2;Ciudad Autonoma De Buenos Aires;Ciudad Autonoma De Buenos Aires;67;11/8/2016;16/8/2016
30708099143;Power Solution SA;Cuyo;50;Mendoza;Mendoza;66;11/8/2016;16/8/2016
30710197144;Levin Software SA;Pampeana;2;Ciudad Autonoma Buenos Aires;Ciudad Autonoma De Buenos Aires;68;11/8/2016;16/8/2016
33629749859;Red Link Sociedad Anonima;Pampeana;2;Ciudad Autonoma De Buenos Aires;Ciudad Autonoma De Buenos Aires;62;11/8/2016;16/8/2016
30698413545;Emm SA;Pampeana;2;Ciudad Autonoma Buenos Aires;Ciudad Autonoma De Buenos Aires;72;22/8/2016;25/8/2016
30707099360;Everisargentina SA;Pampeana;2;Ciudad Autonoma Buenos Aires;Ciudad Autonoma De Buenos Aires;70;22/8/2016;25/8/2016
30708934824;Procoop SRL;Pampeana;14;Cordoba;Monte Maiz;71;22/8/2016;25/8/2016
30707117458;Sia Sistemas SA;Pampeana;2;Ciudad Autonoma Buenos Aires;Ciudad Autonoma De Buenos Aires;74;29/8/2016;1/9/2016
30708098333;Compa침ia Argentina de Desarrollo Informatico SA;Pampeana;2;Ciudad Autonoma Buenos Aires;Ciudad Autonoma De Buenos Aires;73;29/8/2016;1/9/2016
30708641835;Penta Consulting SA;Pampeana;2;Ciudad Autonoma Buenos Aires;Ciudad Autonoma De Buenos Aires;76;9/9/2016;14/9/2016
30710160518;Vi - Da Digital SA;Pampeana;2;Ciudad Autonoma Buenos Aires;Ciudad Autonoma De Buenos Aires;75;9/9/2016;14/9/2016
30711723141;Patagoniansys SRL;Patagonia;62;Rio Negro;General Roca;78;9/9/2016;14/9/2016
30588308150;Sistran Consultores SA;Pampeana;2;Ciudad Autonoma De Buenos Aires;Ciudad Autonoma De Buenos Aires;83;14/9/2016;19/9/2016
30656170839;Tezamatsrl;Pampeana;2;Ciudad Autonoma Buenos Aires;Ciudad Autonoma De Buenos Aires;79;14/9/2016;19/9/2016
30687090825;Lider File SA;Pampeana;2;Ciudad Autonoma Buenos Aires;Ciudad Autonoma De Buenos Aires;82;14/9/2016;19/9/2016
30711321523;Iphoideas SA;Pampeana;2;Ciudad Autonoma Buenos Aires;Ciudad Autonoma De Buenos Aires;81;14/9/2016;19/9/2016
33707000509;Activia SA;Pampeana;2;Ciudad Autonoma Buenos Aires;Ciudad Autonoma De Buenos Aires;80;14/9/2016;19/9/2016
30588311844;Arizmendi Computos SA;Pampeana;2;Ciudad Autonoma Buenos Aires;Ciudad Autonoma De Buenos Aires;85;15/9/2016;20/9/2016
30708894601;Staffing It SA;Pampeana;2;Ciudad Autonoma Buenos Aires;Ciudad Autonoma De Buenos Aires;84;15/9/2016;20/9/2016
30708161485;Business Vision SA;Pampeana;2;Ciudad Autonoma De Buenos Aires;Ciudad Autonoma De Buenos Aires;93;20/9/2016;28/9/2016
30711136483;Confluencia Fto SRL;Pampeana;2;Ciudad Autonoma Buenos Aires;Ciudad Autonoma De Buenos Aires;91;20/9/2016;28/9/2016
30682289569;Qplus Consultores SA;Pampeana;14;Cordoba;Cordoba;96;23/9/2016;28/9/2016
30701270637;Worldsys SA;Pampeana;2;Ciudad Autonoma Buenos Aires;Ciudad Autonoma De Buenos Aires;94;23/9/2016;28/9/2016
30709262994;Santex America SA;Pampeana;14;Cordoba;Cordoba;95;23/9/2016;28/9/2016
30709811440;Neosur SA;Pampeana;14;Cordoba;Cordoba;97;23/9/2016;28/9/2016
30601951394;Datatech SA;Pampeana;2;Ciudad Autonoma Buenos Aires;Ciudad Autonoma De Buenos Aires;100;27/9/2016;30/9/2016
30663103942;Di Chena Y Asociadossrl;Pampeana;2;Ciudad Autonoma Buenos Aires;Ciudad Autonoma De Buenos Aires;101;27/9/2016;30/9/2016
30691281945;Process Technologies SA;Pampeana;2;Ciudad Autonoma Buenos Aires;Ciudad Autonoma De Buenos Aires;99;27/9/2016;30/9/2016
30707725555;Folder Soluciones SA;Pampeana;82;Santa Fe;Ruinas Santa Fe La Vieja;103;27/9/2016;30/9/2016
33710729609;Tecno Azar SA;Pampeana;2;Ciudad Autonoma Buenos Aires;Ciudad Autonoma De Buenos Aires;102;27/9/2016;30/9/2016
30707424253;Magma Tools SA;Pampeana;2;Ciudad Autonoma Buenos Aires;Ciudad Autonoma De Buenos Aires;104;29/9/2016;30/9/2016
30560577601;Censys SA;Noroeste;90;Tucuman;Yerba Buena;11;6/10/2016;12/10/2016
30698951849;Primary Brokers SA;Pampeana;2;Ciudad Autonoma De Buenos Aires;Ciudad Autonoma De Buenos Aires;5-E;6/10/2016;12/10/2016
30706036209;Knowledge Management SA;Pampeana;2;Ciudad Autonoma Buenos Aires;Ciudad Autonoma De Buenos Aires;12;6/10/2016;12/10/2016
30709147354;Grupo Calipso SA;Pampeana;2;Ciudad Autonoma Buenos Aires;Ciudad Autonoma De Buenos Aires;3-E;6/10/2016;12/10/2016
30711438609;Techbi SRL;Pampeana;82;Santa Fe;Rosario;9-E;6/10/2016;12/10/2016
30711764123;Pigmalion Studios SRL;Pampeana;2;Ciudad Autonoma Buenos Aires;Ciudad Autonoma De Buenos Aires;10;6/10/2016;12/10/2016
30712149422;Voxa SA;Pampeana;2;Ciudad Autonoma Buenos Aires;Ciudad Autonoma De Buenos Aires;6-E;6/10/2016;12/10/2016
30714313513;Mundo Data Social SA;Pampeana;2;Ciudad Autonoma Buenos Aires;Ciudad Autonoma De Buenos Aires;8-E;6/10/2016;12/10/2016
30714399523;Kidloom SA;Pampeana;2;Ciudad Autonoma Buenos Aires;Ciudad Autonoma De Buenos Aires;4-E;6/10/2016;12/10/2016
33708131259;Grupo Ayex SA;Pampeana;2;Ciudad Autonoma Buenos Aires;Ciudad Autonoma De Buenos Aires;13;7/10/2016;13/10/2016
30640605673;T P S Tecnologia En Produccion de Sistemas Sociedad Anonima;Pampeana;2;Ciudad Autonoma Buenos Aires;Ciudad Autonoma De Buenos Aires;19;14/10/2016;19/10/2016
30652162041;Sisdam SA;Pampeana;2;Ciudad Autonoma Buenos Aires;Ciudad Autonoma De Buenos Aires;16;14/10/2016;19/10/2016
30686418940;Lazzaroni F Martin Y SAntander Gustavo Daniel SH;Pampeana;6;Buenos Aires;San Isidro;20;14/10/2016;19/10/2016
30687143856;Menhir Sistemas SRL;Pampeana;2;Ciudad Autonoma Buenos Aires;Ciudad Autonoma De Buenos Aires;18;14/10/2016;19/10/2016
30695330134;Tar Net SA;Pampeana;2;Ciudad Autonoma Buenos Aires;Ciudad Autonoma De Buenos Aires;22;14/10/2016;19/10/2016
30707042180;Systech SA;Pampeana;2;Ciudad Autonoma Buenos Aires;Ciudad Autonoma De Buenos Aires;14;14/10/2016;19/10/2016
30707263411;Lempert SA;Pampeana;14;Cordoba;Cordoba;21;14/10/2016;19/10/2016
30711771987;Polar Bear Development SRL;Pampeana;2;Ciudad Autonoma Buenos Aires;Ciudad Autonoma De Buenos Aires;17;14/10/2016;19/10/2016
33709712719;Kunan SA;Pampeana;14;Cordoba;Cordoba;15;14/10/2016;19/10/2016
30621545503;Pc Lab SA;Pampeana;2;Ciudad Autonoma Buenos Aires;Ciudad Autonoma De Buenos Aires;29;20/10/2016;25/10/2016
30714399388;Tfl SA;Pampeana;2;Ciudad Autonoma Buenos Aires;Ciudad Autonoma De Buenos Aires;28;20/10/2016;25/10/2016
30707809147;K & Dat Sistemas SA;Pampeana;2;Ciudad Autonoma De Buenos Aires;Ciudad Autonoma De Buenos Aires;32;31/10/2016;2/11/2016
30710311044;Insside Informacion Inteligente Sociedad de Responsabilidad;Pampeana;2;Ciudad Autonoma Buenos Aires;Ciudad Autonoma De Buenos Aires;30;31/10/2016;2/11/2016
30711900272;Solidmation SA;Pampeana;2;Ciudad Autonoma Buenos Aires;Ciudad Autonoma De Buenos Aires;31;31/10/2016;2/11/2016
33711119049;Onapsis SRL;Pampeana;2;Ciudad Autonoma Buenos Aires;Ciudad Autonoma De Buenos Aires;37;31/10/2016;3/11/2016
30710370571;Dicsys SA;Pampeana;14;Cordoba;Cordoba;39;2/11/2016;7/11/2016
30710463669;Ms Technologies SA;Pampeana;82;Santa Fe;Rosario;38;2/11/2016;7/11/2016
30711017638;Invgate SRL;Pampeana;2;Ciudad Autonoma Buenos Aires;Ciudad Autonoma De Buenos Aires;40;2/11/2016;7/11/2016
30714521965;Szicom SRL;Pampeana;82;Santa Fe;Rosario;41;7/11/2016;10/11/2016
33679921229;Gilbarco Latin America SRL;Pampeana;2;Ciudad Autonoma De Buenos Aires;Ciudad Autonoma De Buenos Aires;42;7/11/2016;10/11/2016
33714483809;Fun4Ride SA;Pampeana;2;Ciudad Autonoma Buenos Aires;Ciudad Autonoma De Buenos Aires;43;11/11/2016;16/11/2016
30650986861;Mercap SRL;Pampeana;2;Ciudad Autonoma Buenos Aires;Ciudad Autonoma De Buenos Aires;45;14/11/2016;17/11/2016
30652880610;Ardison Software SRL;Pampeana;2;Ciudad Autonoma Buenos Aires;Ciudad Autonoma De Buenos Aires;44;14/11/2016;17/11/2016
30698999337;Cruz Del Sur Consulting;Pampeana;2;Ciudad Autonoma De Buenos Aires;Ciudad Autonoma De Buenos Aires;46;14/11/2016;17/11/2016
30712063412;4R Soluciones SRL;Pampeana;82;Santa Fe;Ruinas Santa Fe La Vieja;47;14/11/2016;17/11/2016
30646941136;Softland Argentina SA;Pampeana;2;Ciudad Autonoma De Buenos Aires;Ciudad Autonoma De Buenos Aires;49;15/11/2016;18/11/2016
30695562671;Decision Support SA;Pampeana;2;Ciudad Autonoma De Buenos Aires;Ciudad Autonoma De Buenos Aires;48;15/11/2016;18/11/2016
30681362130;Delsat Group SA;Pampeana;6;Buenos Aires;Mar Del Plata;57;24/11/2016;30/11/2016
30699152990;Renxo SA;Pampeana;2;Ciudad Autonoma Buenos Aires;Ciudad Autonoma De Buenos Aires;52;24/11/2016;30/11/2016
30710021771;Mva SA;Pampeana;14;Cordoba;Cordoba;54;24/11/2016;30/11/2016
30710173652;Dattatec.Com SRL;Pampeana;82;Santa Fe;Rosario;51;24/11/2016;30/11/2016
30711313423;Clarika SA;Pampeana;14;Cordoba;Cordoba;53;24/11/2016;30/11/2016
30712257705;Mobydigital SA;Pampeana;14;Cordoba;Cordoba;56;24/11/2016;30/11/2016
30710900546;Summa Solutions SRL;Pampeana;2;Ciudad Autonoma Buenos Aires;Ciudad Autonoma De Buenos Aires;58;29/11/2016;1/12/2016
30708555971;I.D.S. SRL;Pampeana;14;Cordoba;Cordoba;59;5/12/2016;7/12/2016
30710453140;Sistemas Quilate SA;Pampeana;2;Ciudad Autonoma Buenos Aires;Ciudad Autonoma De Buenos Aires;61;6/12/2016;13/12/2016
30710361076;Teceng Gaming SA;Pampeana;2;Ciudad Autonoma Buenos Aires;Ciudad Autonoma De Buenos Aires;66;13/12/2016;15/12/2016
30711058121;Miniature SRL;Pampeana;2;Ciudad Autonoma Buenos Aires;Ciudad Autonoma De Buenos Aires;67;13/12/2016;15/12/2016
30711152365;Velocity Partnersargentina SRL;Pampeana;2;Ciudad Autonoma De Buenos Aires;Ciudad Autonoma De Buenos Aires;63;13/12/2016;15/12/2016
33711351979;Nexbas SA;Pampeana;2;Ciudad Autonoma Buenos Aires;Ciudad Autonoma De Buenos Aires;65;13/12/2016;15/12/2016
30707549773;Information Technology And Services SA;Pampeana;6;Buenos Aires;Caminera Lujan;71;16/12/2016;20/12/2016
30710769350;Tecnom SRL;Pampeana;6;Buenos Aires;Manuel B Gonnet;69;16/12/2016;20/12/2016
30710933371;Beclever SA;Pampeana;6;Buenos Aires;Acassuso;68;16/12/2016;20/12/2016
30710326564;Enerminds SRL;Pampeana;2;Ciudad Autonoma Buenos Aires;Ciudad Autonoma De Buenos Aires;76;21/12/2016;26/12/2016
30708995157;Netlabs SRL;Pampeana;2;Ciudad Autonoma Buenos Aires;Ciudad Autonoma De Buenos Aires;78;26/12/2016;29/12/2016
30710395566;Wormhole SA;Pampeana;2;Ciudad Autonoma Buenos Aires;Ciudad Autonoma De Buenos Aires;77;26/12/2016;29/12/2016
30712009442;Itcross SRL;Pampeana;2;Ciudad Autonoma Buenos Aires;Ciudad Autonoma De Buenos Aires;79;27/12/2016;30/12/2016
30710041799;The Cactus Group SA;Pampeana;2;Ciudad Autonoma Buenos Aires;Ciudad Autonoma De Buenos Aires;80;28/12/2016;30/12/2016
30708851457;Epidata SA;Pampeana;2;Ciudad Autonoma Buenos Aires;Ciudad Autonoma De Buenos Aires;1;16/1/2017;18/1/2017
30711532605;Pampa Business Ideas SRL;Pampeana;82;Santa Fe;Rosario;4;16/1/2017;18/1/2017
30711819017;Devartis SA;Pampeana;2;Ciudad Autonoma Buenos Aires;Ciudad Autonoma De Buenos Aires;7;23/1/2017;26/1/2017
30699021217;E Marketing Sociedad Anonima;Pampeana;2;Ciudad Autonoma Buenos Aires;Ciudad Autonoma De Buenos Aires;8;26/1/2017;31/1/2017
30708669217;Soluciones Inform치ticas Globales SA;Pampeana;2;Ciudad Autonoma De Buenos Aires;Ciudad Autonoma De Buenos Aires;9 E;7/2/2017;10/2/2017
30709472999;Etsol SRL;Noreste;30;Entre Rios;Parana;10 E;7/2/2017;10/2/2017
30711090300;F Y B Sistemas SA;Pampeana;82;Santa Fe;Esperanza;11 E;7/2/2017;10/2/2017
30711930538;Arquimeda SRL;Pampeana;2;Ciudad Autonoma Buenos Aires;Ciudad Autonoma De Buenos Aires;12 E;7/2/2017;10/2/2017
30714078646;Div Inf Sociedad Anonima;Pampeana;6;Buenos Aires;Mu침iz;14 E;8/2/2017;13/2/2017
30714155667;Redbee Studios SA;Pampeana;2;Ciudad Autonoma Buenos Aires;Ciudad Autonoma De Buenos Aires;13 E;8/2/2017;13/2/2017
30692209202;Lexor SA;Pampeana;2;Ciudad Autonoma Buenos Aires;Ciudad Autonoma De Buenos Aires;18 E;16/2/2017;21/2/2017
30707459162;Snoop Consulting Sociedad de Responsabilidad Limitada;Pampeana;2;Ciudad Autonoma Buenos Aires;Ciudad Autonoma De Buenos Aires;15 E;16/2/2017;20/2/2017
30707621911;Tiarg SA;Pampeana;2;Ciudad Autonoma Buenos Aires;Ciudad Autonoma De Buenos Aires;19 E;16/2/2017;21/2/2017
30708811528;Alsurdelsur Sistemas Sociedad Anonima;Pampeana;2;Ciudad Autonoma Buenos Aires;Ciudad Autonoma De Buenos Aires;16 E;16/2/2017;21/2/2017
30711565732;Gonzalo Matias Escribano Y Carlos Gabriel Molina Sh;Pampeana;2;Ciudad Autonoma Buenos Aires;Ciudad Autonoma De Buenos Aires;17 E;16/2/2017;21/2/2017
30710651597;Sendatel SA;Pampeana;2;Ciudad Autonoma Buenos Aires;Ciudad Autonoma De Buenos Aires;23 E;23/2/2017;24/2/2017
30714895172;Dw Soluciones Tecnologicas SRL;Pampeana;2;Ciudad Autonoma Buenos Aires;Ciudad Autonoma De Buenos Aires;21 E;23/2/2017;2/3/2017
30708408944;Nexion Solutions SA;Pampeana;2;Ciudad Autonoma Buenos Aires;Ciudad Autonoma De Buenos Aires;26 E;2/3/2017;6/3/2017
30714497789;Clover Sistemas SRL;Pampeana;82;Santa Fe;Rosario;24 E;2/3/2017;6/3/2017
33708632959;First Systems SRL;Pampeana;2;Ciudad Autonoma Buenos Aires;Ciudad Autonoma De Buenos Aires;25 E;2/3/2017;6/3/2017
30708829885;Technology Ventures SA;Pampeana;6;Buenos Aires;Olivos;27 E;13/3/2017;16/3/2017
30708410132;Sisorg SRL;Pampeana;2;Ciudad Autonoma Buenos Aires;Ciudad Autonoma De Buenos Aires;29 E;14/3/2017;17/3/2017
30711623694;Kimn SRL;Pampeana;2;Ciudad Autonoma Buenos Aires;Ciudad Autonoma De Buenos Aires;30;20/3/2017;22/3/2017
30708374756;J & B Solutions SA;Pampeana;2;Ciudad Autonoma Buenos Aires;Ciudad Autonoma De Buenos Aires;35;23/3/2017;29/3/2017
30709024805;Kern-It SRL;Pampeana;2;Ciudad Autonoma Buenos Aires;Ciudad Autonoma De Buenos Aires;33;23/3/2017;29/3/2017
30712469761;Aerolab SRL;Pampeana;2;Ciudad Autonoma Buenos Aires;Ciudad Autonoma De Buenos Aires;34;23/3/2017;29/3/2017
30691222574;Acriter SA;Pampeana;2;Ciudad Autonoma Buenos Aires;Ciudad Autonoma De Buenos Aires;37;30/3/2017;3/4/2017
33711377889;Rucatech Soluciones Tecnologicas SRL;Pampeana;2;Ciudad Autonoma Buenos Aires;Ciudad Autonoma De Buenos Aires;36;30/3/2017;3/4/2017
30709931578;Megalogic Software SA;Pampeana;2;Ciudad Autonoma Buenos Aires;Ciudad Autonoma De Buenos Aires;38;3/4/2017;6/4/2017
33606066959;Tecnosoftware SA;Pampeana;2;Ciudad Autonoma Buenos Aires;Ciudad Autonoma De Buenos Aires;39;10/4/2017;17/4/2017
33709474559;Adonix SA;Pampeana;2;Ciudad Autonoma Buenos Aires;Ciudad Autonoma De Buenos Aires;44 E;5/5/2017;11/5/2017
30682963081;B Q S SRL;Pampeana;2;Ciudad Autonoma Buenos Aires;Ciudad Autonoma De Buenos Aires;48 E;16/5/2017;19/5/2017
30712097953;Openpyme SRL;Pampeana;2;Ciudad Autonoma Buenos Aires;Ciudad Autonoma De Buenos Aires;47 E;16/5/2017;19/5/2017
30714095931;Toolbox Digital SA;Pampeana;2;Ciudad Autonoma Buenos Aires;Ciudad Autonoma De Buenos Aires;45 E;16/5/2017;19/5/2017
30710039522;Perception Group SA;Pampeana;2;Ciudad Autonoma De Buenos Aires;Ciudad Autonoma De Buenos Aires;50 E;24/5/2017;30/5/2017
30710108680;Autex SA;Pampeana;14;Cordoba;Villa Maria;49 E;24/5/2017;30/5/2017
30711392889;Consultora Eudaimonia SRL;Pampeana;2;Ciudad Autonoma Buenos Aires;Ciudad Autonoma De Buenos Aires;51 E;24/5/2017;30/5/2017
30707970428;Seidor Technologies SA;Pampeana;2;Ciudad Autonoma De Buenos Aires;Ciudad Autonoma De Buenos Aires;54 E;5/6/2017;8/6/2017
30709519987;Veritran SA;Pampeana;2;Ciudad Autonoma Buenos Aires;Ciudad Autonoma De Buenos Aires;55 E;6/6/2017;9/6/2017
30714781460;Ecloud Solutions SRL;Pampeana;82;Santa Fe;Rosario;56 E;6/6/2017;9/6/2017
30710321201;Latin America Media & Soft SA;Pampeana;2;Ciudad Autonoma Buenos Aires;Ciudad Autonoma De Buenos Aires;57 E;12/6/2017;15/6/2017
30710717644;Neo Sistemas SRL;Pampeana;82;Santa Fe;Rosario;58 E;12/6/2017;15/6/2017
30712253106;Pathfinding SA;Noreste;30;Entre Rios;Parana;59 E;12/6/2017;15/6/2017
30712225870;Serfe SA;Pampeana;82;Santa Fe;Santo Tome;63 E;19/6/2017;23/6/2017
30706053812;Bumeran.Com Argentina SA;Pampeana;2;Ciudad Autonoma De Buenos Aires;Ciudad Autonoma De Buenos Aires;65 E;26/6/2017;28/6/2017
30714636592;Neo Consultores SA;Pampeana;82;Santa Fe;Rosario;64 E;26/6/2017;28/6/2017
30709016934;Global Think Technology SA;Pampeana;14;Cordoba;Cordoba;68 E;3/7/2017;6/7/2017
33710398629;Termmed SA;Pampeana;2;Ciudad Autonoma Buenos Aires;Ciudad Autonoma De Buenos Aires;67 E;3/7/2017;6/7/2017
30709561258;Nemo SA;Pampeana;82;Santa Fe;Rosario;71 E;6/7/2017;11/7/2017
30715167871;Soluciones Simplex SRL;Pampeana;6;Buenos Aires;Junin;70 E;6/7/2017;11/7/2017
30710817770;Global Business Consulting SA;Pampeana;2;Ciudad Autonoma Buenos Aires;Ciudad Autonoma De Buenos Aires;72 E;11/7/2017;14/7/2017
30698259279;Login Informatica SA;Pampeana;82;Santa Fe;Rosario;74 E;28/7/2017;1/8/2017
30710146388;Glya SRL;Pampeana;2;Ciudad Autonoma Buenos Aires;Ciudad Autonoma De Buenos Aires;73 E;28/7/2017;1/8/2017
30710621159;Solutica SRL;Pampeana;2;Ciudad Autonoma De Buenos Aires;Ciudad Autonoma De Buenos Aires;77 E;28/7/2017;1/8/2017
30714769061;Celerative SRL;Pampeana;6;Buenos Aires;La Plata;79 E;3/8/2017;7/8/2017
30701307115;Despegar.com.ar SA;Pampeana;2;Ciudad Autonoma De Buenos Aires;Ciudad Autonoma De Buenos Aires;82 E;18/8/2017;24/8/2017
30677486577;Blc SA;Pampeana;82;Santa Fe;Rosario;85 E;5/9/2017;8/9/2017
30710458428;Global Share SA;Pampeana;2;Ciudad Autonoma Buenos Aires;Ciudad Autonoma De Buenos Aires;86 E;5/9/2017;8/9/2017
30714121029;Paisanos Creando SRL;Pampeana;2;Ciudad Autonoma Buenos Aires;Ciudad Autonoma De Buenos Aires;84 E;5/9/2017;8/9/2017
30712257276;Qstom SRL;Pampeana;2;Ciudad Autonoma Buenos Aires;Ciudad Autonoma De Buenos Aires;88 E;11/9/2017;14/9/2017
30709976164;Spgt Y T SA;Pampeana;2;Ciudad Autonoma Buenos Aires;Ciudad Autonoma De Buenos Aires;97 E;26/9/2017;29/9/2017
30714660094;Simtlix SRL;Pampeana;14;Cordoba;Villa Allende;96 E;26/9/2017;29/9/2017
30715038176;Tultix SRL;Pampeana;2;Ciudad Autonoma Buenos Aires;Ciudad Autonoma De Buenos Aires;95 E;26/9/2017;29/9/2017
30712556559;3Xm Group SA;Pampeana;14;Cordoba;Cordoba;104 E;5/10/2017;10/10/2017
30712461221;All Online Solutions SA;Pampeana;2;Ciudad Autonoma Buenos Aires;Ciudad Autonoma De Buenos Aires;109 E;23/10/2017;26/10/2017
30712071601;Pizquiz Solutions SA;Pampeana;2;Ciudad Autonoma Buenos Aires;Ciudad Autonoma De Buenos Aires;113 E;27/10/2017;1/11/2017
30693761421;Core Sdi SA;Pampeana;2;Ciudad Autonoma De Buenos Aires;Ciudad Autonoma De Buenos Aires;115 E;1/11/2017;6/11/2017
30709670359;Recursiva SRL;Pampeana;2;Ciudad Autonoma Buenos Aires;Ciudad Autonoma De Buenos Aires;120 E;15/11/2017;17/11/2017
30712330291;Fennoma SA;Pampeana;2;Ciudad Autonoma Buenos Aires;Ciudad Autonoma De Buenos Aires;121 E;15/11/2017;17/11/2017
30711332614;Quadminds Technologies SA;Pampeana;2;Ciudad Autonoma Buenos Aires;Ciudad Autonoma De Buenos Aires;123 E;27/11/2017;30/11/2017
30711661235;R/Ga Media Group SA;Pampeana;2;Ciudad Autonoma De Buenos Aires;Ciudad Autonoma De Buenos Aires;124 E;28/11/2017;30/11/2017
30710933037;Globalis Sociedad Anonima;Cuyo;50;Mendoza;Godoy Cruz;129 E;11/12/2017;13/12/2017
30714489670;Slotone SRL;Pampeana;2;Ciudad Autonoma Buenos Aires;Ciudad Autonoma De Buenos Aires;128 E;11/12/2017;13/12/2017
30715402706;Cloudwork SRL;Pampeana;2;Ciudad Autonoma Buenos Aires;Ciudad Autonoma De Buenos Aires;131E;21/12/2017;26/12/2017
30714244740;Stechs SRL;Pampeana;2;Ciudad Autonoma Buenos Aires;Ciudad Autonoma De Buenos Aires;132E;27/12/2017;29/12/2017
30712207155;Boxitsoft SRL;Pampeana;6;Buenos Aires;Mar Del Plata;1E;15/1/2018;16/1/2018
30714295698;Adhoc SA;Pampeana;82;Santa Fe;Rosario;2E;15/1/2018;16/1/2018
30710758618;Community Mind SRL;Pampeana;2;Ciudad Autonoma Buenos Aires;Ciudad Autonoma De Buenos Aires;4E;19/1/2018;22/1/2018
30711696306;Restorando SA;Pampeana;2;Ciudad Autonoma Buenos Aires;Ciudad Autonoma De Buenos Aires;3E;19/1/2018;22/1/2018
30714722448;Servicios De Suscripci칩n Digitales SA;Pampeana;2;Ciudad Autonoma Buenos Aires;Ciudad Autonoma De Buenos Aires;6E;19/1/2018;22/1/2018
30715191357;Dynamo Creative SRL;Pampeana;2;Ciudad Autonoma Buenos Aires;Ciudad Autonoma De Buenos Aires;5E;19/1/2018;22/1/2018
30715204416;Next Flow SA;Pampeana;2;Ciudad Autonoma Buenos Aires;Ciudad Autonoma De Buenos Aires;8E;22/1/2018;24/1/2018
30704937314;Technisys SA;Pampeana;2;Ciudad Autonoma Buenos Aires;Ciudad Autonoma De Buenos Aires;15E;29/1/2018;31/1/2018
30715194259;Location Intelligence SA;Pampeana;2;Ciudad Autonoma Buenos Aires;Ciudad Autonoma De Buenos Aires;14E;29/1/2018;31/1/2018
33714784329;Ar Media Services S.A;Pampeana;6;Buenos Aires;Vicente Lopez;10E;29/1/2018;31/1/2018
30676235309;Ases Consulting SA;Pampeana;2;Ciudad Autonoma Buenos Aires;Ciudad Autonoma De Buenos Aires;18E;30/1/2018;1/2/2018
30709998796;Carena Sistemas SRL;Pampeana;2;Ciudad Autonoma Buenos Aires;Ciudad Autonoma De Buenos Aires;16E;30/1/2018;1/2/2018
30715178873;Mapplics SRL;Pampeana;82;Santa Fe;Rosario;17E;30/1/2018;1/2/2018
30711293163;DbGroup SRL;Pampeana;2;Ciudad Autonoma De Buenos Aires;Palermo;177E;10/2/2018;10/4/2018
30708748605;Integral Software SRL;Noreste;30;Entre Rios;Parana;152E;5/3/2018;7/5/2018
30711604029;Planifi-K Logistics Solutions SRL;Pampeana;2;Ciudad Autonoma Buenos Aires;Ciudad Autonoma De Buenos Aires;151E;5/3/2018;7/5/2018
30710404069;Flux It SA;Pampeana;6;Buenos Aires;La Plata;80E;14/3/2018;15/3/2018
30714549851;Increasecard SA;Pampeana;2;Ciudad Autonoma Buenos Aires;Ciudad Autonoma De Buenos Aires;81E;15/3/2018;19/3/2018
30712455655;Go Commerce SA;Pampeana;2;Ciudad Autonoma Buenos Aires;Ciudad Autonoma De Buenos Aires;85E;23/3/2018;27/3/2018
30710132824;Y2K Networks SA;Pampeana;14;Cordoba;Cordoba;97E;13/4/2018;16/4/2018
30714496421;The Amalgama SRL;Pampeana;2;Ciudad Autonoma Buenos Aires;Ciudad Autonoma De Buenos Aires;98E;13/4/2018;16/4/2018
30714962910;Darwoft;Pampeana;14;Cordoba;Cordoba;127E;18/4/2018;19/4/2018
30714847593;Nubeliu Argentina SRL;Pampeana;6;Buenos Aires;Martinez;136E;24/4/2018;25/4/2018
30714672661;Assertia Solutions SA;Pampeana;6;Buenos Aires;Bahia Blanca;390E;16/5/2018;18/7/2018
30685816179;C-Net SRL;Pampeana;2;Ciudad Autonoma Buenos Aires;Ciudad Autonoma De Buenos Aires;175E;21/5/2018;23/5/2018
30710761678;D.L.R. SA;Pampeana;14;Cordoba;Cordoba;214E;31/5/2018;4/6/2018
30714029378;Vn Studios SRL;Pampeana;2;Ciudad Autonoma Buenos Aires;Ciudad Autonoma De Buenos Aires;93E;4/6/2018;9/4/2018
30712019359;Linkedstore Argentina SRL;Pampeana;2;Ciudad Autonoma Buenos Aires;Ciudad Autonoma De Buenos Aires;304E;25/6/2018;27/6/2018
30714292311;Bethink SRL;Pampeana;2;Ciudad Autonoma Buenos Aires;Ciudad Autonoma De Buenos Aires;314E;28/6/2018;29/6/2018
30710508735;Soflex SA;Pampeana;2;Ciudad Autonoma Buenos Aires;Ciudad Autonoma De Buenos Aires;322E;29/6/2018;3/7/2018
30711961085;Tips SA;Pampeana;14;Cordoba;Cordoba;379E;13/7/2018;17/7/2018
30715137026;Cti Consultores Asociados SA;Pampeana;2;Ciudad Autonoma Buenos Aires;Ciudad Autonoma De Buenos Aires;428E;23/7/2018;25/7/2018
30715166522;Alas It SRL;Pampeana;2;Ciudad Autonoma Buenos Aires;Ciudad Autonoma De Buenos Aires;427E;23/7/2018;25/7/2018
30627389899;Tecno Accion SA;Pampeana;2;Ciudad Autonoma Buenos Aires;Ciudad Autonoma De Buenos Aires;484E;31/7/2018;2/8/2018
30711811725;Ecoclimasol SA;Pampeana;2;Ciudad Autonoma Buenos Aires;Ciudad Autonoma De Buenos Aires;485E;31/7/2018;2/8/2018
30710276699;Extend It SRL;Pampeana;2;Ciudad Autonoma Buenos Aires;Ciudad Autonoma De Buenos Aires;493E;6/8/2018;8/8/2018
30712336427;Sfs SRL;Pampeana;82;Santa Fe;Ruinas Santa Fe La Vieja;506E;9/8/2018;13/8/2018
30618539225;Buffa Sistemas SRL;Pampeana;2;Ciudad Autonoma Buenos Aires;Ciudad Autonoma De Buenos Aires;557E;15/8/2018;17/8/2018
30711325200;Oneloop SRL;Pampeana;2;Ciudad Autonoma Buenos Aires;Ciudad Autonoma De Buenos Aires;546E;15/8/2018;17/8/2018
30712363084;Fizzmod SRL;Pampeana;2;Ciudad Autonoma Buenos Aires;Ciudad Autonoma De Buenos Aires;551E;15/8/2018;17/8/2018
30715253727;Brave New Technology SRL;Pampeana;2;Ciudad Autonoma Buenos Aires;Ciudad Autonoma De Buenos Aires;533E;15/8/2018;16/8/2018
30715163515;Ayres It SRL;Pampeana;2;Ciudad Autonoma Buenos Aires;Ciudad Autonoma De Buenos Aires;559E;16/8/2018;21/8/2018
33715554769;Out of the box;Pampeana;6;Buenos Aires;La Plata;574E;23/8/2018;27/8/2018
30711402450;Tenaxsoft SRL;Pampeana;2;Ciudad Autonoma Buenos Aires;Ciudad Autonoma De Buenos Aires;95E;4/9/2018;11/4/2018
30709936251;ZAUBER S.A.;Pampeana;2;Ciudad Autonoma De Buenos Aires;Palermo;148E;27/9/2018;28/9/2018
30710559658;OPRATEL S.A.;Pampeana;2;Ciudad Autonoma De Buenos Aires;Mataderos;318E;17/10/2018;19/10/2018
30714774529;QG SRL;Pampeana;2;Ciudad Autonoma De Buenos Aires;Palermo;342E;22/10/2018;23/10/2018
30694376297;Kapsch TrafficCom Argentina;Pampeana;2;Ciudad Autonoma De Buenos Aires;Belgrano;355E;23/10/2018;24/10/2018
30707558373;Lagash Systems S.A.;Pampeana;2;Ciudad Autonoma De Buenos Aires;Caballito;381;25/10/2018;29/10/2018
30711601178;YALVATAR SA;Noroeste;38;Jujuy;San Salvador de Jujuy;383;25/10/2018;29/10/2018
30714287539;CYSC S.R.L.;Pampeana;2;Ciudad Autonoma De Buenos Aires;Belgrano;378;25/10/2018;29/10/2018
30715191942;IANTECH SRL;Pampeana;2;Ciudad Autonoma De Buenos Aires;Belgrano;407E;1/11/2018;11/2/2018
30708954639;AR CONSULTORE S.R.L.;Pampeana;14;Cordoba;C躁doba;423E;6/11/2018;11/7/2018
30708311266;UNIENDO MERCADOS SA;Pampeana;2;Ciudad Autonoma De Buenos Aires;Monserrat;432;7/11/2018;9/11/2018
30714976180;VONPIX SRL;Pampeana;2;Ciudad Autonoma De Buenos Aires;Belgrano;448;12/11/2018;11/14/2018
30707523839;LUMINA AMERICAS S.A.;Pampeana;2;Ciudad Autonoma De Buenos Aires;Recoleta;458E;20/11/2018;26/11/2018
30711338345;Trinomio Software Factory SRL;Pampeana;2;Ciudad Autonoma De Buenos Aires;San Nicol硬;461;23/11/2018;27/11/2018
30646029720;WUNDERMAN CATO JOHNSON S.A.;Pampeana;2;Ciudad Autonoma De Buenos Aires;Nu吝z;464;27/11/2018;28/11/2018
30714767573;YOP S.A.;Pampeana;2;Ciudad Autonoma De Buenos Aires;Belgrano;465;27/11/2018;29/11/2018
30714719943;CONTAGRAM ARGENTINA S.R.L.;Pampeana;2;Ciudad Autonoma De Buenos Aires;San Nicol硬;532;7/12/2018;12/11/2018
30711661820;INCLUSION SERVICES S.A.;Pampeana;6;Buenos Aires;Tigre;16E;9/12/2018;9/13/2018
30714075477;Atix Labs;Pampeana;2;Ciudad Autonoma De Buenos Aires;Chacarita;551E;11/12/2018;12/12/2018
30710898096;Sigma It Solutions;Pampeana;6;Buenos Aires;Campana;576;13/12/2018;17/12/2018
33715683119;WIDERGY SRL;Pampeana;2;Ciudad Autonoma De Buenos Aires;Palermo;590;14/12/2018;18/12/2018
30715378406;ELEMENTUM SCM ARGENTINA SRL;Pampeana;2;Ciudad Autonoma De Buenos Aires;Retiro;596E;17/12/2018;19/12/2018
30715213083;ENVIOPACK S.A.;Pampeana;2;Ciudad Autonoma De Buenos Aires;Nu吝z;620E;19/12/2018;21/12/2018
30659514628;ALMUNDO.COM S.R.L.;Pampeana;2;Ciudad Autonoma De Buenos Aires;Retiro;633E;20/12/2018;26/12/2018
30707583696;Marketec Targeted Solutions S.A.;Pampeana;6;Buenos Aires;San Isidro;649;26/12/2018;28/12/2018
30715769065;Basecodeit Argentina SRL;Pampeana;6;Buenos Aires;Lans;22;15/1/2019;17/1/2019
33715740309;Argentalent SAS;Pampeana;2;Ciudad Autonoma De Buenos Aires;Palermo;37;16/1/2019;18/1/2019
30711053669;GADIK SRL;Pampeana;2;Ciudad Autonoma De Buenos Aires;Villa Devoto;47;17/1/2019;21/1/2019
30715104187;TPM Pro;Pampeana;2;Ciudad Autonoma De Buenos Aires;Constituci蚤;50;18/1/2019;22/1/2019
30712247114;Leaducate S.A;Pampeana;2;Ciudad Autonoma De Buenos Aires;Belgrano;66;28/1/2019;30/1/2019
30715252402;URUPE SAS;Noreste;22;Chaco;Resistencia;108;18/2/2019;12/2/2019
33710328809;TEKii SRL;Pampeana;2;Ciudad Autonoma De Buenos Aires;Villa Urquiza;145;22/2/2019;26/2/2019
30715278266;ConsorcioAbierto SRL;Pampeana;6;Buenos Aires;Bah眼 Blanca;151;1/3/2019;7/3/2019
30711778043;THARSIS IT ARGENTINA S.A.;Pampeana;6;Buenos Aires;San Miguel;190;13/3/2019;15/3/2019
30715016970;KICKSER S.A.;Pampeana;2;Ciudad Autonoma De Buenos Aires;Puerto Madero;200;14/3/2019;18/3/2019
30707023437;HANDCRAFT ARGENTINA;Pampeana;6;Buenos Aires;Bernal Oeste;204;21/3/2019;25/3/2019
30711022623;INFINITELOOP S.A.;Pampeana;6;Buenos Aires;Ramos Mej眼;205;21/3/2019;25/3/2019
30714547883;PC NET S.A.;Pampeana;6;Buenos Aires;La Plata;203;21/3/2019;25/3/2019
30661938168;AMTEK S.R.L.;Pampeana;6;Buenos Aires;Olivos;240;13/5/2019;15/5/2019
33711477239;VR4 S.A.;Pampeana;2;Ciudad Autonoma De Buenos Aires;Puerto Madero;243;14/5/2019;16/5/2019
